Title,Brand,Reviews,Rating,Selling Price,Image URL,Product URL,Sponsored
Storio Toy Octopus Plushie Reversible Soft Toys for Kids | Plush Soft Toys for Baby Boys and Girls| Best Gift | Octopus Soft Toy for Kids -PurplePink,Storio,1565,4.2,179.0,https://m.media-amazon.com/images/I/51nqXz7iWrL._AC_UL320_.jpg,https://www.amazon.in/Storio-Octopus-Plushie-Reversible-Plush/dp/B0D6Z1YPTZ/ref=sr_1_1?dib=eyJ2IjoiMSJ9.0j5-EPpCWPgpOTjmEGle7Ct2DAeUy_70dOAE-oFUFnx4oOV5eco9xKp_TH5WdM4awZ0KrpAVNJk2e3XGdaGCpte3eJRWFwmiltrdDuQuHsTKSe3zKcVo_fGJur8gn4WN8sriPjU10VApR4rXWulD8sTkqgaGeRChN2mMcRCn2hsOe9YKaqX4QiQ2Q3iTErdCA5vcnuKrYEAFnifT8IHBqiaSkm93AWTPeABhfg2pByvB_wm81MEhRJgtHf-bjyRAosmjGldw2h8voIoEz6Rwx-RA3HUxDXDnxR-9zj7CjTE.SEq7joY7VSRnUvPh-x8Sfab-uYHZXt5sSJlB0Ob6ivQ&dib_tag=se&keywords=soft+toys&qid=1744109723&sr=8-1,True
Babique Cat Flower Plush Soft Toy Cute Kids Animal Home Decor Boys/Girls (Pack of 1)(25 cm),Babique,1210,4.0,217.0,https://m.media-amazon.com/images/I/61QnIuUiOgL._AC_UL320_.jpg,https://www.amazon.in/Babique-Flower-Plush-Animal-Decor/dp/B0BFNYP192/ref=sr_1_2?dib=eyJ2IjoiMSJ9.0j5-EPpCWPgpOTjmEGle7Ct2DAeUy_70dOAE-oFUFnx4oOV5eco9xKp_TH5WdM4awZ0KrpAVNJk2e3XGdaGCpte3eJRWFwmiltrdDuQuHsTKSe3zKcVo_fGJur8gn4WN8sriPjU10VApR4rXWulD8sTkqgaGeRChN2mMcRCn2hsOe9YKaqX4QiQ2Q3iTErdCA5vcnuKrYEAFnifT8IHBqiaSkm93AWTPeABhfg2pByvB_wm81MEhRJgtHf-bjyRAosmjGldw2h8voIoEz6Rwx-RA3HUxDXDnxR-9zj7CjTE.SEq7joY7VSRnUvPh-x8Sfab-uYHZXt5sSJlB0Ob6ivQ&dib_tag=se&keywords=soft+toys&qid=1744109723&sr=8-2,True
"Niku Rabbit with Chain Reversible Bunny Rabbit Soft Stuffed Toys for Girls Boys Baby Kids | Doll, Teddy Bear plushies, Animal Toy | Strawberry/Carrot Shaped Pink Colour | Valentine's Gift",Niku,622,4.1,351.0,https://m.media-amazon.com/images/I/613ls1KV-HL._AC_UL320_.jpg,https://www.amazon.in/Niku-Reversible-Stuffed-plushies-Strawberry/dp/B0CPVNTZ4K/ref=sr_1_3?dib=eyJ2IjoiMSJ9.0j5-EPpCWPgpOTjmEGle7Ct2DAeUy_70dOAE-oFUFnx4oOV5eco9xKp_TH5WdM4awZ0KrpAVNJk2e3XGdaGCpte3eJRWFwmiltrdDuQuHsTKSe3zKcVo_fGJur8gn4WN8sriPjU10VApR4rXWulD8sTkqgaGeRChN2mMcRCn2hsOe9YKaqX4QiQ2Q3iTErdCA5vcnuKrYEAFnifT8IHBqiaSkm93AWTPeABhfg2pByvB_wm81MEhRJgtHf-bjyRAosmjGldw2h8voIoEz6Rwx-RA3HUxDXDnxR-9zj7CjTE.SEq7joY7VSRnUvPh-x8Sfab-uYHZXt5sSJlB0Ob6ivQ&dib_tag=se&keywords=soft+toys&qid=1744109723&sr=8-3,True
Babique Dog Sitting Plush Soft Toy Cute Kids Animal Home Decor Boys/Girls White (25 cm),Babique,1233,4.0,179.0,https://m.media-amazon.com/images/I/51h6wRH0lpL._AC_UL320_.jpg,https://www.amazon.in/Babique-Sitting-Plush-Animal-Decor/dp/B0B2F8XS9L/ref=sr_1_4?dib=eyJ2IjoiMSJ9.0j5-EPpCWPgpOTjmEGle7Ct2DAeUy_70dOAE-oFUFnx4oOV5eco9xKp_TH5WdM4awZ0KrpAVNJk2e3XGdaGCpte3eJRWFwmiltrdDuQuHsTKSe3zKcVo_fGJur8gn4WN8sriPjU10VApR4rXWulD8sTkqgaGeRChN2mMcRCn2hsOe9YKaqX4QiQ2Q3iTErdCA5vcnuKrYEAFnifT8IHBqiaSkm93AWTPeABhfg2pByvB_wm81MEhRJgtHf-bjyRAosmjGldw2h8voIoEz6Rwx-RA3HUxDXDnxR-9zj7CjTE.SEq7joY7VSRnUvPh-x8Sfab-uYHZXt5sSJlB0Ob6ivQ&dib_tag=se&keywords=soft+toys&qid=1744109723&sr=8-4,True
"Babique Unicorn Teddy Bear Plush Soft Toy Cute Kids Birthday Animal Baby Boys/Girls (25 cm, Pink)",Babique,9322,4.2,156.0,https://m.media-amazon.com/images/I/51C5TrSt-GL._AC_UL320_.jpg,https://www.amazon.in/Babique-Unicorn-Stuffed-Plush-Birthday/dp/B08LTGVND9/ref=sr_1_5?dib=eyJ2IjoiMSJ9.0j5-EPpCWPgpOTjmEGle7Ct2DAeUy_70dOAE-oFUFnx4oOV5eco9xKp_TH5WdM4awZ0KrpAVNJk2e3XGdaGCpte3eJRWFwmiltrdDuQuHsTKSe3zKcVo_fGJur8gn4WN8sriPjU10VApR4rXWulD8sTkqgaGeRChN2mMcRCn2hsOe9YKaqX4QiQ2Q3iTErdCA5vcnuKrYEAFnifT8IHBqiaSkm93AWTPeABhfg2pByvB_wm81MEhRJgtHf-bjyRAosmjGldw2h8voIoEz6Rwx-RA3HUxDXDnxR-9zj7CjTE.SEq7joY7VSRnUvPh-x8Sfab-uYHZXt5sSJlB0Ob6ivQ&dib_tag=se&keywords=soft+toys&qid=1744109723&sr=8-5,True
"Niku Doll (30cm, Pink) | Soft Plush Doll Toy with Rabbit Ear, Teddy Bear, Best Gift Toy and Pillow for Kids, Girls and Adults | Valentines",Niku,622,4.1,325.0,https://m.media-amazon.com/images/I/51iaZJwi7yL._AC_UL320_.jpg,https://www.amazon.in/Niku-Super-Rabbit-Pillow-Adults/dp/B0CR886N1T/ref=sr_1_6?dib=eyJ2IjoiMSJ9.0j5-EPpCWPgpOTjmEGle7Ct2DAeUy_70dOAE-oFUFnx4oOV5eco9xKp_TH5WdM4awZ0KrpAVNJk2e3XGdaGCpte3eJRWFwmiltrdDuQuHsTKSe3zKcVo_fGJur8gn4WN8sriPjU10VApR4rXWulD8sTkqgaGeRChN2mMcRCn2hsOe9YKaqX4QiQ2Q3iTErdCA5vcnuKrYEAFnifT8IHBqiaSkm93AWTPeABhfg2pByvB_wm81MEhRJgtHf-bjyRAosmjGldw2h8voIoEz6Rwx-RA3HUxDXDnxR-9zj7CjTE.SEq7joY7VSRnUvPh-x8Sfab-uYHZXt5sSJlB0Ob6ivQ&dib_tag=se&keywords=soft+toys&qid=1744109723&sr=8-6,True
"Babique Unicorn Teddy Bear Plush Soft Toy Cute Kids Birthday Animal Baby Boys/Girls (25 Cm, Yellow)",Babique,4668,4.1,163.0,https://m.media-amazon.com/images/I/51AWNa6+TOL._AC_UL320_.jpg,https://www.amazon.in/Babique-Unicorn-Stuffed-Birthday-Yellow/dp/B08LTGRJSV/ref=sr_1_7?dib=eyJ2IjoiMSJ9.0j5-EPpCWPgpOTjmEGle7Ct2DAeUy_70dOAE-oFUFnx4oOV5eco9xKp_TH5WdM4awZ0KrpAVNJk2e3XGdaGCpte3eJRWFwmiltrdDuQuHsTKSe3zKcVo_fGJur8gn4WN8sriPjU10VApR4rXWulD8sTkqgaGeRChN2mMcRCn2hsOe9YKaqX4QiQ2Q3iTErdCA5vcnuKrYEAFnifT8IHBqiaSkm93AWTPeABhfg2pByvB_wm81MEhRJgtHf-bjyRAosmjGldw2h8voIoEz6Rwx-RA3HUxDXDnxR-9zj7CjTE.SEq7joY7VSRnUvPh-x8Sfab-uYHZXt5sSJlB0Ob6ivQ&dib_tag=se&keywords=soft+toys&qid=1744109723&sr=8-7,True
"Babique Rabbit Plush Cute Rabbit Soft Toys Animal Home Decor Baby/Boys/Girls (Pink, 26 cm)",Babique,651,3.9,169.0,https://m.media-amazon.com/images/I/513NwwpIBqL._AC_UL320_.jpg,https://www.amazon.in/Babique-Rabbit-Stuffed-Plush-Birthday/dp/B08LTGCVQT/ref=sr_1_8?dib=eyJ2IjoiMSJ9.0j5-EPpCWPgpOTjmEGle7Ct2DAeUy_70dOAE-oFUFnx4oOV5eco9xKp_TH5WdM4awZ0KrpAVNJk2e3XGdaGCpte3eJRWFwmiltrdDuQuHsTKSe3zKcVo_fGJur8gn4WN8sriPjU10VApR4rXWulD8sTkqgaGeRChN2mMcRCn2hsOe9YKaqX4QiQ2Q3iTErdCA5vcnuKrYEAFnifT8IHBqiaSkm93AWTPeABhfg2pByvB_wm81MEhRJgtHf-bjyRAosmjGldw2h8voIoEz6Rwx-RA3HUxDXDnxR-9zj7CjTE.SEq7joY7VSRnUvPh-x8Sfab-uYHZXt5sSJlB0Ob6ivQ&dib_tag=se&keywords=soft+toys&qid=1744109723&sr=8-8,True
"Babique Elephant Sitting Plush Soft Toy Cute Kids Animal Home Decor Boys/Girls (Blue, 30 cm)",Babique,1189,4.4,250.0,https://m.media-amazon.com/images/I/71sh-Yt3EmL._AC_UL320_.jpg,https://www.amazon.in/Babique-Elephant-Sitting-Plush-Animal/dp/B0BD5TR6FD/ref=sr_1_9?dib=eyJ2IjoiMSJ9.0j5-EPpCWPgpOTjmEGle7Ct2DAeUy_70dOAE-oFUFnx4oOV5eco9xKp_TH5WdM4awZ0KrpAVNJk2e3XGdaGCpte3eJRWFwmiltrdDuQuHsTKSe3zKcVo_fGJur8gn4WN8sriPjU10VApR4rXWulD8sTkqgaGeRChN2mMcRCn2hsOe9YKaqX4QiQ2Q3iTErdCA5vcnuKrYEAFnifT8IHBqiaSkm93AWTPeABhfg2pByvB_wm81MEhRJgtHf-bjyRAosmjGldw2h8voIoEz6Rwx-RA3HUxDXDnxR-9zj7CjTE.SEq7joY7VSRnUvPh-x8Sfab-uYHZXt5sSJlB0Ob6ivQ&dib_tag=se&keywords=soft+toys&qid=1744109723&sr=8-9,True
Amazon Brand - Jam & Honey Soft Penguin Plush Toy for Kids | Soft Toy for Boys and Girls | Super-Soft and Safe| Ideal for Gifting | Height 17 cm | Black and White,Amazon,13137,4.4,198.0,https://m.media-amazon.com/images/I/61A2ddWFQxL._AC_UL320_.jpg,https://www.amazon.in/Amazon-Brand-Penguin-Super-Soft-Birthday/dp/B0C46HFZX6/ref=sr_1_10?dib=eyJ2IjoiMSJ9.0j5-EPpCWPgpOTjmEGle7Ct2DAeUy_70dOAE-oFUFnx4oOV5eco9xKp_TH5WdM4awZ0KrpAVNJk2e3XGdaGCpte3eJRWFwmiltrdDuQuHsTKSe3zKcVo_fGJur8gn4WN8sriPjU10VApR4rXWulD8sTkqgaGeRChN2mMcRCn2hsOe9YKaqX4QiQ2Q3iTErdCA5vcnuKrYEAFnifT8IHBqiaSkm93AWTPeABhfg2pByvB_wm81MEhRJgtHf-bjyRAosmjGldw2h8voIoEz6Rwx-RA3HUxDXDnxR-9zj7CjTE.SEq7joY7VSRnUvPh-x8Sfab-uYHZXt5sSJlB0Ob6ivQ&dib_tag=se&keywords=soft+toys&qid=1744109723&sr=8-10,True
Babique Pluto Sitting Plush Soft Toy Cute Kids Animal Home Decor Boys/Girls (30 Cm),Babique,2319,4.2,307.0,https://m.media-amazon.com/images/I/61val7qNvyL._AC_UL320_.jpg,https://www.amazon.in/Babique-Pluto-Stuffed-Plush-Yellow/dp/B07ZJG1FGL/ref=sr_1_11?dib=eyJ2IjoiMSJ9.0j5-EPpCWPgpOTjmEGle7Ct2DAeUy_70dOAE-oFUFnx4oOV5eco9xKp_TH5WdM4awZ0KrpAVNJk2e3XGdaGCpte3eJRWFwmiltrdDuQuHsTKSe3zKcVo_fGJur8gn4WN8sriPjU10VApR4rXWulD8sTkqgaGeRChN2mMcRCn2hsOe9YKaqX4QiQ2Q3iTErdCA5vcnuKrYEAFnifT8IHBqiaSkm93AWTPeABhfg2pByvB_wm81MEhRJgtHf-bjyRAosmjGldw2h8voIoEz6Rwx-RA3HUxDXDnxR-9zj7CjTE.SEq7joY7VSRnUvPh-x8Sfab-uYHZXt5sSJlB0Ob6ivQ&dib_tag=se&keywords=soft+toys&qid=1744109723&sr=8-11,True
SCOOBA Super Soft 30cm Small White Color Cow Soft Toy - Polyfill Washable Cuddly Soft Plush Toy - Helps to Learn Role Play,SCOOBA,575,4.2,379.0,https://m.media-amazon.com/images/I/51y39ofWmfL._AC_UL320_.jpg,https://www.amazon.in/SCOOBA-Super-Soft-30cm-Small/dp/B08SWP7FTB/ref=sr_1_12?dib=eyJ2IjoiMSJ9.0j5-EPpCWPgpOTjmEGle7Ct2DAeUy_70dOAE-oFUFnx4oOV5eco9xKp_TH5WdM4awZ0KrpAVNJk2e3XGdaGCpte3eJRWFwmiltrdDuQuHsTKSe3zKcVo_fGJur8gn4WN8sriPjU10VApR4rXWulD8sTkqgaGeRChN2mMcRCn2hsOe9YKaqX4QiQ2Q3iTErdCA5vcnuKrYEAFnifT8IHBqiaSkm93AWTPeABhfg2pByvB_wm81MEhRJgtHf-bjyRAosmjGldw2h8voIoEz6Rwx-RA3HUxDXDnxR-9zj7CjTE.SEq7joY7VSRnUvPh-x8Sfab-uYHZXt5sSJlB0Ob6ivQ&dib_tag=se&keywords=soft+toys&qid=1744109723&sr=8-12,True
Babique Nemo Fish Toy Plush Soft Toy Cute Kids Animal Home Decor Boys/Girls -Orange (25 cm),Babique,141,4.2,209.0,https://m.media-amazon.com/images/I/511vEf27jFL._AC_UL320_.jpg,https://www.amazon.in/Babique-Plush-Animal-Decor-Orange/dp/B0CBZ6KL29/ref=sr_1_13?dib=eyJ2IjoiMSJ9.0j5-EPpCWPgpOTjmEGle7Ct2DAeUy_70dOAE-oFUFnx4oOV5eco9xKp_TH5WdM4awZ0KrpAVNJk2e3XGdaGCpte3eJRWFwmiltrdDuQuHsTKSe3zKcVo_fGJur8gn4WN8sriPjU10VApR4rXWulD8sTkqgaGeRChN2mMcRCn2hsOe9YKaqX4QiQ2Q3iTErdCA5vcnuKrYEAFnifT8IHBqiaSkm93AWTPeABhfg2pByvB_wm81MEhRJgtHf-bjyRAosmjGldw2h8voIoEz6Rwx-RA3HUxDXDnxR-9zj7CjTE.SEq7joY7VSRnUvPh-x8Sfab-uYHZXt5sSJlB0Ob6ivQ&dib_tag=se&keywords=soft+toys&qid=1744109723&sr=8-13,True
"Webby Plush Husky Dog Stuffed Animal Puppy Soft Toy, Adorable Gifts for Kids and Adult, Glitter Eyes Soft Toy, 35CM (Grey)",Webby,897,4.5,410.0,https://m.media-amazon.com/images/I/71A-WPv5q-L._AC_UL320_.jpg,https://www.amazon.in/Webby-Plush-Stuffed-Animal-Adorable/dp/B0B42TFR9D/ref=sr_1_14?dib=eyJ2IjoiMSJ9.0j5-EPpCWPgpOTjmEGle7Ct2DAeUy_70dOAE-oFUFnx4oOV5eco9xKp_TH5WdM4awZ0KrpAVNJk2e3XGdaGCpte3eJRWFwmiltrdDuQuHsTKSe3zKcVo_fGJur8gn4WN8sriPjU10VApR4rXWulD8sTkqgaGeRChN2mMcRCn2hsOe9YKaqX4QiQ2Q3iTErdCA5vcnuKrYEAFnifT8IHBqiaSkm93AWTPeABhfg2pByvB_wm81MEhRJgtHf-bjyRAosmjGldw2h8voIoEz6Rwx-RA3HUxDXDnxR-9zj7CjTE.SEq7joY7VSRnUvPh-x8Sfab-uYHZXt5sSJlB0Ob6ivQ&dib_tag=se&keywords=soft+toys&qid=1744109723&sr=8-14,True
"Webby Soft Animal Plush Elephant Toy 20cm, Blue & Grey",Webby,5872,4.4,234.0,https://m.media-amazon.com/images/I/711DBUR31bS._AC_UL320_.jpg,https://www.amazon.in/Webby-Soft-Animal-Plush-Elephant/dp/B08QX75XNZ/ref=sr_1_15?dib=eyJ2IjoiMSJ9.0j5-EPpCWPgpOTjmEGle7Ct2DAeUy_70dOAE-oFUFnx4oOV5eco9xKp_TH5WdM4awZ0KrpAVNJk2e3XGdaGCpte3eJRWFwmiltrdDuQuHsTKSe3zKcVo_fGJur8gn4WN8sriPjU10VApR4rXWulD8sTkqgaGeRChN2mMcRCn2hsOe9YKaqX4QiQ2Q3iTErdCA5vcnuKrYEAFnifT8IHBqiaSkm93AWTPeABhfg2pByvB_wm81MEhRJgtHf-bjyRAosmjGldw2h8voIoEz6Rwx-RA3HUxDXDnxR-9zj7CjTE.SEq7joY7VSRnUvPh-x8Sfab-uYHZXt5sSJlB0Ob6ivQ&dib_tag=se&keywords=soft+toys&qid=1744109723&sr=8-15,True
"Babique Plush Soft Toy Cute Kids Animal Home Decor Boys/Girls/Baby (28 Cm, Monkey)",Babique,3412,4.2,179.0,https://m.media-amazon.com/images/I/613HNieYoxL._AC_UL320_.jpg,https://www.amazon.in/Babique-Sitting-Monkey-Plush-Animal/dp/B08L21WXD8/ref=sr_1_16?dib=eyJ2IjoiMSJ9.0j5-EPpCWPgpOTjmEGle7Ct2DAeUy_70dOAE-oFUFnx4oOV5eco9xKp_TH5WdM4awZ0KrpAVNJk2e3XGdaGCpte3eJRWFwmiltrdDuQuHsTKSe3zKcVo_fGJur8gn4WN8sriPjU10VApR4rXWulD8sTkqgaGeRChN2mMcRCn2hsOe9YKaqX4QiQ2Q3iTErdCA5vcnuKrYEAFnifT8IHBqiaSkm93AWTPeABhfg2pByvB_wm81MEhRJgtHf-bjyRAosmjGldw2h8voIoEz6Rwx-RA3HUxDXDnxR-9zj7CjTE.SEq7joY7VSRnUvPh-x8Sfab-uYHZXt5sSJlB0Ob6ivQ&dib_tag=se&keywords=soft+toys&qid=1744109723&sr=8-16,True
Storio Toy Super Cute Plushie Soft Toys for Kids | Plush Soft Toys for Baby Boys and Girls Kids -Reversible Rabbit | Best Valentine Gift,Storio,1565,4.2,299.0,https://m.media-amazon.com/images/I/51XjmK41FjL._AC_UL320_.jpg,https://www.amazon.in/Storio-Plushie-Reversible-Rabbit-Valentine/dp/B0CQG947NZ/ref=sr_1_17?dib=eyJ2IjoiMSJ9.0j5-EPpCWPgpOTjmEGle7Ct2DAeUy_70dOAE-oFUFnx4oOV5eco9xKp_TH5WdM4awZ0KrpAVNJk2e3XGdaGCpte3eJRWFwmiltrdDuQuHsTKSe3zKcVo_fGJur8gn4WN8sriPjU10VApR4rXWulD8sTkqgaGeRChN2mMcRCn2hsOe9YKaqX4QiQ2Q3iTErdCA5vcnuKrYEAFnifT8IHBqiaSkm93AWTPeABhfg2pByvB_wm81MEhRJgtHf-bjyRAosmjGldw2h8voIoEz6Rwx-RA3HUxDXDnxR-9zj7CjTE.SEq7joY7VSRnUvPh-x8Sfab-uYHZXt5sSJlB0Ob6ivQ&dib_tag=se&keywords=soft+toys&qid=1744109723&sr=8-17,True
HUG 'n' FEEL SOFT TOYS Random Color Baby Penguin Soft Toy 25 cm,HUG,34090,4.0,299.0,https://m.media-amazon.com/images/I/511I9BYWonL._AC_UL320_.jpg,https://www.amazon.in/HUG-FEEL-SOFT-TOYS-Penguin/dp/B0CW1VMD99/ref=sr_1_18?dib=eyJ2IjoiMSJ9.0j5-EPpCWPgpOTjmEGle7Ct2DAeUy_70dOAE-oFUFnx4oOV5eco9xKp_TH5WdM4awZ0KrpAVNJk2e3XGdaGCpte3eJRWFwmiltrdDuQuHsTKSe3zKcVo_fGJur8gn4WN8sriPjU10VApR4rXWulD8sTkqgaGeRChN2mMcRCn2hsOe9YKaqX4QiQ2Q3iTErdCA5vcnuKrYEAFnifT8IHBqiaSkm93AWTPeABhfg2pByvB_wm81MEhRJgtHf-bjyRAosmjGldw2h8voIoEz6Rwx-RA3HUxDXDnxR-9zj7CjTE.SEq7joY7VSRnUvPh-x8Sfab-uYHZXt5sSJlB0Ob6ivQ&dib_tag=se&keywords=soft+toys&qid=1744109723&sr=8-18,True
Richy Toys White Dog Cute Plush Soft Toys for Kids Birthday Gift 26 cm,Richy,4601,4.0,167.0,https://m.media-amazon.com/images/I/7173JXCs7YL._AC_UL320_.jpg,https://www.amazon.in/Babique-Cute-White-Animal-Birthday/dp/B06XH1TDRR/ref=sr_1_19?dib=eyJ2IjoiMSJ9.0j5-EPpCWPgpOTjmEGle7Ct2DAeUy_70dOAE-oFUFnx4oOV5eco9xKp_TH5WdM4awZ0KrpAVNJk2e3XGdaGCpte3eJRWFwmiltrdDuQuHsTKSe3zKcVo_fGJur8gn4WN8sriPjU10VApR4rXWulD8sTkqgaGeRChN2mMcRCn2hsOe9YKaqX4QiQ2Q3iTErdCA5vcnuKrYEAFnifT8IHBqiaSkm93AWTPeABhfg2pByvB_wm81MEhRJgtHf-bjyRAosmjGldw2h8voIoEz6Rwx-RA3HUxDXDnxR-9zj7CjTE.SEq7joY7VSRnUvPh-x8Sfab-uYHZXt5sSJlB0Ob6ivQ&dib_tag=se&keywords=soft+toys&qid=1744109723&sr=8-19,True
"HUG 'n' FEEL SOFT TOYS Long Soft Lovable Huggable Cute Giant Life Size Teddy Bear Plush & Stuffed Toys (35cm, Avocado)",HUG,34090,4.0,399.0,https://m.media-amazon.com/images/I/41DX4usBUXL._AC_UL320_.jpg,https://www.amazon.in/HUG-FEEL-SOFT-TOYS-Huggable/dp/B0BLCLG8XJ/ref=sr_1_20?dib=eyJ2IjoiMSJ9.0j5-EPpCWPgpOTjmEGle7Ct2DAeUy_70dOAE-oFUFnx4oOV5eco9xKp_TH5WdM4awZ0KrpAVNJk2e3XGdaGCpte3eJRWFwmiltrdDuQuHsTKSe3zKcVo_fGJur8gn4WN8sriPjU10VApR4rXWulD8sTkqgaGeRChN2mMcRCn2hsOe9YKaqX4QiQ2Q3iTErdCA5vcnuKrYEAFnifT8IHBqiaSkm93AWTPeABhfg2pByvB_wm81MEhRJgtHf-bjyRAosmjGldw2h8voIoEz6Rwx-RA3HUxDXDnxR-9zj7CjTE.SEq7joY7VSRnUvPh-x8Sfab-uYHZXt5sSJlB0Ob6ivQ&dib_tag=se&keywords=soft+toys&qid=1744109723&sr=8-20,True
SCOOBA Super Soft Adorable cat Stuffed Toy Pack of 1 25cm,SCOOBA,65,4.2,379.0,https://m.media-amazon.com/images/I/51UmNYyWxZL._AC_UL320_.jpg,https://www.amazon.in/SCOOBA-Super-Soft-Adorable-Stuffed/dp/B0C3W2RVVF/ref=sr_1_21?dib=eyJ2IjoiMSJ9.0j5-EPpCWPgpOTjmEGle7Ct2DAeUy_70dOAE-oFUFnx4oOV5eco9xKp_TH5WdM4awZ0KrpAVNJk2e3XGdaGCpte3eJRWFwmiltrdDuQuHsTKSe3zKcVo_fGJur8gn4WN8sriPjU10VApR4rXWulD8sTkqgaGeRChN2mMcRCn2hsOe9YKaqX4QiQ2Q3iTErdCA5vcnuKrYEAFnifT8IHBqiaSkm93AWTPeABhfg2pByvB_wm81MEhRJgtHf-bjyRAosmjGldw2h8voIoEz6Rwx-RA3HUxDXDnxR-9zj7CjTE.SEq7joY7VSRnUvPh-x8Sfab-uYHZXt5sSJlB0Ob6ivQ&dib_tag=se&keywords=soft+toys&qid=1744109723&sr=8-21,True
Richy Toys White Dog Cute Plush Soft Toys for Kids Birthday Gift 26 cm,Richy,4601,4.0,177.0,https://m.media-amazon.com/images/I/71jJv5eE7XL._AC_UL320_.jpg,https://www.amazon.in/Babique-Cute-Brown-Animal-Birthday/dp/B06XH26KJ4/ref=sr_1_22?dib=eyJ2IjoiMSJ9.0j5-EPpCWPgpOTjmEGle7Ct2DAeUy_70dOAE-oFUFnx4oOV5eco9xKp_TH5WdM4awZ0KrpAVNJk2e3XGdaGCpte3eJRWFwmiltrdDuQuHsTKSe3zKcVo_fGJur8gn4WN8sriPjU10VApR4rXWulD8sTkqgaGeRChN2mMcRCn2hsOe9YKaqX4QiQ2Q3iTErdCA5vcnuKrYEAFnifT8IHBqiaSkm93AWTPeABhfg2pByvB_wm81MEhRJgtHf-bjyRAosmjGldw2h8voIoEz6Rwx-RA3HUxDXDnxR-9zj7CjTE.SEq7joY7VSRnUvPh-x8Sfab-uYHZXt5sSJlB0Ob6ivQ&dib_tag=se&keywords=soft+toys&qid=1744109723&sr=8-22,True
SCOOBA Milk Cow Soft Toy 30cm Super Soft Fabric Small,SCOOBA,68,4.2,379.0,https://m.media-amazon.com/images/I/51xhMkvowCL._AC_UL320_.jpg,https://www.amazon.in/SCOOBA-Milk-Soft-Super-Fabric/dp/B0B1X547XJ/ref=sr_1_23?dib=eyJ2IjoiMSJ9.0j5-EPpCWPgpOTjmEGle7Ct2DAeUy_70dOAE-oFUFnx4oOV5eco9xKp_TH5WdM4awZ0KrpAVNJk2e3XGdaGCpte3eJRWFwmiltrdDuQuHsTKSe3zKcVo_fGJur8gn4WN8sriPjU10VApR4rXWulD8sTkqgaGeRChN2mMcRCn2hsOe9YKaqX4QiQ2Q3iTErdCA5vcnuKrYEAFnifT8IHBqiaSkm93AWTPeABhfg2pByvB_wm81MEhRJgtHf-bjyRAosmjGldw2h8voIoEz6Rwx-RA3HUxDXDnxR-9zj7CjTE.SEq7joY7VSRnUvPh-x8Sfab-uYHZXt5sSJlB0Ob6ivQ&dib_tag=se&keywords=soft+toys&qid=1744109723&sr=8-23,True
"Future Shop Pack of 4 Panda, Squirrel, Griffe & Pink Dolphine. Best Soft Combo Toys Toy for Cute Kids Baby Boys/Girls Animal Stuffed Plush Toy Teddy Bear for Kids.",Future,467,4.1,449.0,https://m.media-amazon.com/images/I/41CB-Bd3k3L._AC_UL320_.jpg,https://www.amazon.in/Future-Shop-Squirrel-Dolphine-Friendly/dp/B0C1NPYZB4/ref=sr_1_24?dib=eyJ2IjoiMSJ9.0j5-EPpCWPgpOTjmEGle7Ct2DAeUy_70dOAE-oFUFnx4oOV5eco9xKp_TH5WdM4awZ0KrpAVNJk2e3XGdaGCpte3eJRWFwmiltrdDuQuHsTKSe3zKcVo_fGJur8gn4WN8sriPjU10VApR4rXWulD8sTkqgaGeRChN2mMcRCn2hsOe9YKaqX4QiQ2Q3iTErdCA5vcnuKrYEAFnifT8IHBqiaSkm93AWTPeABhfg2pByvB_wm81MEhRJgtHf-bjyRAosmjGldw2h8voIoEz6Rwx-RA3HUxDXDnxR-9zj7CjTE.SEq7joY7VSRnUvPh-x8Sfab-uYHZXt5sSJlB0Ob6ivQ&dib_tag=se&keywords=soft+toys&qid=1744109723&sr=8-24,True
Storio Toy Plushie Super Soft Toys for Kids | Adorable Plush Soft Toys for Baby Boys and Girls Kids - Penguine Black & White,Storio,1565,4.2,189.0,https://m.media-amazon.com/images/I/61ocDqkDeML._AC_UL320_.jpg,https://www.amazon.in/Storio-Plushie-Super-Adorable-Plush/dp/B0CQG83Q12/ref=sr_1_25?dib=eyJ2IjoiMSJ9.0j5-EPpCWPgpOTjmEGle7Ct2DAeUy_70dOAE-oFUFnx4oOV5eco9xKp_TH5WdM4awZ0KrpAVNJk2e3XGdaGCpte3eJRWFwmiltrdDuQuHsTKSe3zKcVo_fGJur8gn4WN8sriPjU10VApR4rXWulD8sTkqgaGeRChN2mMcRCn2hsOe9YKaqX4QiQ2Q3iTErdCA5vcnuKrYEAFnifT8IHBqiaSkm93AWTPeABhfg2pByvB_wm81MEhRJgtHf-bjyRAosmjGldw2h8voIoEz6Rwx-RA3HUxDXDnxR-9zj7CjTE.SEq7joY7VSRnUvPh-x8Sfab-uYHZXt5sSJlB0Ob6ivQ&dib_tag=se&keywords=soft+toys&qid=1744109723&sr=8-25,True
SCOOBA Baby Penguin Soft Toy 25 cm,SCOOBA,651,4.3,379.0,https://m.media-amazon.com/images/I/51+1Bx773wL._AC_UL320_.jpg,https://www.amazon.in/SCOOBA-Baby-Penguin-Soft-Toy/dp/B09TKYGSBJ/ref=sr_1_26?dib=eyJ2IjoiMSJ9.0j5-EPpCWPgpOTjmEGle7Ct2DAeUy_70dOAE-oFUFnx4oOV5eco9xKp_TH5WdM4awZ0KrpAVNJk2e3XGdaGCpte3eJRWFwmiltrdDuQuHsTKSe3zKcVo_fGJur8gn4WN8sriPjU10VApR4rXWulD8sTkqgaGeRChN2mMcRCn2hsOe9YKaqX4QiQ2Q3iTErdCA5vcnuKrYEAFnifT8IHBqiaSkm93AWTPeABhfg2pByvB_wm81MEhRJgtHf-bjyRAosmjGldw2h8voIoEz6Rwx-RA3HUxDXDnxR-9zj7CjTE.SEq7joY7VSRnUvPh-x8Sfab-uYHZXt5sSJlB0Ob6ivQ&dib_tag=se&keywords=soft+toys&qid=1744109723&sr=8-26,True
"SIVIGE Blue Premium Soft Quality Lovable Huggable Soft Toy, Plush Teddy Bear, Elegant Soft Plush Toy for Babies, Great Birthday Gift for Girls&Boys for Valentine Special 30 CM",SIVIGE,41,4.0,371.0,https://m.media-amazon.com/images/I/81I9nN02ajL._AC_UL320_.jpg,https://www.amazon.in/SIVIGE-Premium-Huggable-Birthday-Valentine/dp/B0DQ8HTRQC/ref=sr_1_27?dib=eyJ2IjoiMSJ9.0j5-EPpCWPgpOTjmEGle7Ct2DAeUy_70dOAE-oFUFnx4oOV5eco9xKp_TH5WdM4awZ0KrpAVNJk2e3XGdaGCpte3eJRWFwmiltrdDuQuHsTKSe3zKcVo_fGJur8gn4WN8sriPjU10VApR4rXWulD8sTkqgaGeRChN2mMcRCn2hsOe9YKaqX4QiQ2Q3iTErdCA5vcnuKrYEAFnifT8IHBqiaSkm93AWTPeABhfg2pByvB_wm81MEhRJgtHf-bjyRAosmjGldw2h8voIoEz6Rwx-RA3HUxDXDnxR-9zj7CjTE.SEq7joY7VSRnUvPh-x8Sfab-uYHZXt5sSJlB0Ob6ivQ&dib_tag=se&keywords=soft+toys&qid=1744109723&sr=8-27,True
Babique Cow Tremp Plush Soft Toy Cute Kids Animal Home Decor Boys/Girls (Pack of 1)(30 cm),Babique,603,4.4,319.0,https://m.media-amazon.com/images/I/71haBHpt8wL._AC_UL320_.jpg,https://www.amazon.in/Babique-Tremp-Plush-Animal-Decor/dp/B0BFNNS31H/ref=sr_1_28?dib=eyJ2IjoiMSJ9.0j5-EPpCWPgpOTjmEGle7Ct2DAeUy_70dOAE-oFUFnx4oOV5eco9xKp_TH5WdM4awZ0KrpAVNJk2e3XGdaGCpte3eJRWFwmiltrdDuQuHsTKSe3zKcVo_fGJur8gn4WN8sriPjU10VApR4rXWulD8sTkqgaGeRChN2mMcRCn2hsOe9YKaqX4QiQ2Q3iTErdCA5vcnuKrYEAFnifT8IHBqiaSkm93AWTPeABhfg2pByvB_wm81MEhRJgtHf-bjyRAosmjGldw2h8voIoEz6Rwx-RA3HUxDXDnxR-9zj7CjTE.SEq7joY7VSRnUvPh-x8Sfab-uYHZXt5sSJlB0Ob6ivQ&dib_tag=se&keywords=soft+toys&qid=1744109723&sr=8-28,True
"Storio Plushie Flying Unicorn | Soft Toys | Birthday Gift for Girls/Wife, Boyfriend/Husband, Soft Toys for Girls, Baby Toys - Sleeping Unicorn",Storio,1565,4.2,299.0,https://m.media-amazon.com/images/I/514auBIWNpL._AC_UL320_.jpg,https://www.amazon.in/Storio-Unicorn-Soft-Birthday-Boyfriend/dp/B0DJCYTFZS/ref=sr_1_29?dib=eyJ2IjoiMSJ9.0j5-EPpCWPgpOTjmEGle7Ct2DAeUy_70dOAE-oFUFnx4oOV5eco9xKp_TH5WdM4awZ0KrpAVNJk2e3XGdaGCpte3eJRWFwmiltrdDuQuHsTKSe3zKcVo_fGJur8gn4WN8sriPjU10VApR4rXWulD8sTkqgaGeRChN2mMcRCn2hsOe9YKaqX4QiQ2Q3iTErdCA5vcnuKrYEAFnifT8IHBqiaSkm93AWTPeABhfg2pByvB_wm81MEhRJgtHf-bjyRAosmjGldw2h8voIoEz6Rwx-RA3HUxDXDnxR-9zj7CjTE.SEq7joY7VSRnUvPh-x8Sfab-uYHZXt5sSJlB0Ob6ivQ&dib_tag=se&keywords=soft+toys&qid=1744109723&sr=8-29,True
"SCOOBA Soft Plush Elephant Toy, 30cm, Cute Stuffed Animal for Kids, Birthday, Baby Shower or Christmas Gift",SCOOBA,19,4.2,474.0,https://m.media-amazon.com/images/I/51HERc9v1EL._AC_UL320_.jpg,https://www.amazon.in/SCOOBA-Elephant-Stuffed-Birthday-Christmas/dp/B0D5BKT2TS/ref=sr_1_30?dib=eyJ2IjoiMSJ9.0j5-EPpCWPgpOTjmEGle7Ct2DAeUy_70dOAE-oFUFnx4oOV5eco9xKp_TH5WdM4awZ0KrpAVNJk2e3XGdaGCpte3eJRWFwmiltrdDuQuHsTKSe3zKcVo_fGJur8gn4WN8sriPjU10VApR4rXWulD8sTkqgaGeRChN2mMcRCn2hsOe9YKaqX4QiQ2Q3iTErdCA5vcnuKrYEAFnifT8IHBqiaSkm93AWTPeABhfg2pByvB_wm81MEhRJgtHf-bjyRAosmjGldw2h8voIoEz6Rwx-RA3HUxDXDnxR-9zj7CjTE.SEq7joY7VSRnUvPh-x8Sfab-uYHZXt5sSJlB0Ob6ivQ&dib_tag=se&keywords=soft+toys&qid=1744109723&sr=8-30,True
Storio Toy Cute Penguin Plushie Soft Toys for Kids | Plush Soft Toys for Baby Boys and Girls | Bird Soft Toy for Kids -23cm,Storio,144,4.3,199.0,https://m.media-amazon.com/images/I/51i6bQTaMHL._AC_UL320_.jpg,https://www.amazon.in/Storio-Baby-Toys-Play-Kit/dp/B09CTQXHJN/ref=sr_1_31?dib=eyJ2IjoiMSJ9.0j5-EPpCWPgpOTjmEGle7Ct2DAeUy_70dOAE-oFUFnx4oOV5eco9xKp_TH5WdM4awZ0KrpAVNJk2e3XGdaGCpte3eJRWFwmiltrdDuQuHsTKSe3zKcVo_fGJur8gn4WN8sriPjU10VApR4rXWulD8sTkqgaGeRChN2mMcRCn2hsOe9YKaqX4QiQ2Q3iTErdCA5vcnuKrYEAFnifT8IHBqiaSkm93AWTPeABhfg2pByvB_wm81MEhRJgtHf-bjyRAosmjGldw2h8voIoEz6Rwx-RA3HUxDXDnxR-9zj7CjTE.SEq7joY7VSRnUvPh-x8Sfab-uYHZXt5sSJlB0Ob6ivQ&dib_tag=se&keywords=soft+toys&qid=1744109723&sr=8-31,True
"Mini Steps Ultra-Soft Washable Plush Toy for Kids â€“ Safe & Non-Toxic Stuffed Animal, Cuddly Teddy Bear, Best Gift for Babies & Toddlers, Cute & Durable Soft Toy for Boys & Girls - Grey Penguin",Mini,2,2.5,199.0,https://m.media-amazon.com/images/I/51756ASOerL._AC_UL320_.jpg,https://www.amazon.in/Mini-Steps-Ultra-Soft-Washable-Plush/dp/B0DWK4HF93/ref=sr_1_32?dib=eyJ2IjoiMSJ9.0j5-EPpCWPgpOTjmEGle7Ct2DAeUy_70dOAE-oFUFnx4oOV5eco9xKp_TH5WdM4awZ0KrpAVNJk2e3XGdaGCpte3eJRWFwmiltrdDuQuHsTKSe3zKcVo_fGJur8gn4WN8sriPjU10VApR4rXWulD8sTkqgaGeRChN2mMcRCn2hsOe9YKaqX4QiQ2Q3iTErdCA5vcnuKrYEAFnifT8IHBqiaSkm93AWTPeABhfg2pByvB_wm81MEhRJgtHf-bjyRAosmjGldw2h8voIoEz6Rwx-RA3HUxDXDnxR-9zj7CjTE.SEq7joY7VSRnUvPh-x8Sfab-uYHZXt5sSJlB0Ob6ivQ&dib_tag=se&keywords=soft+toys&qid=1744109723&sr=8-32,True
Webby Plush Cute Hamster Soft Toy Ragdoll Doll Big Pillow Girl Sleeping Bed Cute Girl Birthday Gift for Kids 35 cm,Webby,379,4.2,849.0,https://m.media-amazon.com/images/I/6179zIXza+L._AC_UL320_.jpg,https://www.amazon.in/Webby-Hamster-Ragdoll-Sleeping-Birthday/dp/B09P3RV7XT/ref=sr_1_33?dib=eyJ2IjoiMSJ9.0j5-EPpCWPgpOTjmEGle7Ct2DAeUy_70dOAE-oFUFnx4oOV5eco9xKp_TH5WdM4awZ0KrpAVNJk2e3XGdaGCpte3eJRWFwmiltrdDuQuHsTKSe3zKcVo_fGJur8gn4WN8sriPjU10VApR4rXWulD8sTkqgaGeRChN2mMcRCn2hsOe9YKaqX4QiQ2Q3iTErdCA5vcnuKrYEAFnifT8IHBqiaSkm93AWTPeABhfg2pByvB_wm81MEhRJgtHf-bjyRAosmjGldw2h8voIoEz6Rwx-RA3HUxDXDnxR-9zj7CjTE.SEq7joY7VSRnUvPh-x8Sfab-uYHZXt5sSJlB0Ob6ivQ&dib_tag=se&keywords=soft+toys&qid=1744109723&sr=8-33,True
SCOOBA Soft Cute Bella Doll 50cm - Polyfill Washable Cuddly Soft Plush Toy - Helps to Learn Role Play - 100% Safe for Kids,SCOOBA,179,4.0,569.0,https://m.media-amazon.com/images/I/61kx5wblTfL._AC_UL320_.jpg,https://www.amazon.in/SCOOBA-Soft-Bella-Shimmery-Heart/dp/B08VJGC9CY/ref=sr_1_34?dib=eyJ2IjoiMSJ9.0j5-EPpCWPgpOTjmEGle7Ct2DAeUy_70dOAE-oFUFnx4oOV5eco9xKp_TH5WdM4awZ0KrpAVNJk2e3XGdaGCpte3eJRWFwmiltrdDuQuHsTKSe3zKcVo_fGJur8gn4WN8sriPjU10VApR4rXWulD8sTkqgaGeRChN2mMcRCn2hsOe9YKaqX4QiQ2Q3iTErdCA5vcnuKrYEAFnifT8IHBqiaSkm93AWTPeABhfg2pByvB_wm81MEhRJgtHf-bjyRAosmjGldw2h8voIoEz6Rwx-RA3HUxDXDnxR-9zj7CjTE.SEq7joY7VSRnUvPh-x8Sfab-uYHZXt5sSJlB0Ob6ivQ&dib_tag=se&keywords=soft+toys&qid=1744109723&sr=8-34,True
Babique Cute Pink Rabbit soft Toys 26 cm (pink),Babique,832,4.1,179.0,https://m.media-amazon.com/images/I/513NwwpIBqL._AC_UL320_.jpg,https://www.amazon.in/Babique-Richy-Toys-Plush-Rabbit/dp/B01FC8RSAE/ref=sr_1_35?dib=eyJ2IjoiMSJ9.0j5-EPpCWPgpOTjmEGle7Ct2DAeUy_70dOAE-oFUFnx4oOV5eco9xKp_TH5WdM4awZ0KrpAVNJk2e3XGdaGCpte3eJRWFwmiltrdDuQuHsTKSe3zKcVo_fGJur8gn4WN8sriPjU10VApR4rXWulD8sTkqgaGeRChN2mMcRCn2hsOe9YKaqX4QiQ2Q3iTErdCA5vcnuKrYEAFnifT8IHBqiaSkm93AWTPeABhfg2pByvB_wm81MEhRJgtHf-bjyRAosmjGldw2h8voIoEz6Rwx-RA3HUxDXDnxR-9zj7CjTE.SEq7joY7VSRnUvPh-x8Sfab-uYHZXt5sSJlB0Ob6ivQ&dib_tag=se&keywords=soft+toys&qid=1744109723&sr=8-35,True
"Amazon Brand - Jam & Honey Dinosaur, Cute, Plush/Soft Toy, Suitable for Boys, Girls and Kids, Super-Soft, Safe, 34 cm (Green & Yellow)",Amazon,13137,4.4,225.0,https://m.media-amazon.com/images/I/81c5rU7uWgL._AC_UL320_.jpg,https://www.amazon.in/Amazon-Brand-Dinosaur-Suitable-Super-Soft/dp/B0CCD1SVCC/ref=sr_1_36?dib=eyJ2IjoiMSJ9.0j5-EPpCWPgpOTjmEGle7Ct2DAeUy_70dOAE-oFUFnx4oOV5eco9xKp_TH5WdM4awZ0KrpAVNJk2e3XGdaGCpte3eJRWFwmiltrdDuQuHsTKSe3zKcVo_fGJur8gn4WN8sriPjU10VApR4rXWulD8sTkqgaGeRChN2mMcRCn2hsOe9YKaqX4QiQ2Q3iTErdCA5vcnuKrYEAFnifT8IHBqiaSkm93AWTPeABhfg2pByvB_wm81MEhRJgtHf-bjyRAosmjGldw2h8voIoEz6Rwx-RA3HUxDXDnxR-9zj7CjTE.SEq7joY7VSRnUvPh-x8Sfab-uYHZXt5sSJlB0Ob6ivQ&dib_tag=se&keywords=soft+toys&qid=1744109723&sr=8-36,True
Storio Toy Cute Rainbow Colored Huggable Teddy Bear | 30 cm | Plushie Soft Toys for Kids | Plush Soft Toys for Baby Boys and Girls Kids - Teddy | Best Valentine Gift,Storio,1565,4.2,329.0,https://m.media-amazon.com/images/I/61paoQad7gL._AC_UL320_.jpg,https://www.amazon.in/Storio-Rainbow-Colored-Huggable-Plushie/dp/B0CQG8TQYS/ref=sr_1_37?dib=eyJ2IjoiMSJ9.0j5-EPpCWPgpOTjmEGle7Ct2DAeUy_70dOAE-oFUFnx4oOV5eco9xKp_TH5WdM4awZ0KrpAVNJk2e3XGdaGCpte3eJRWFwmiltrdDuQuHsTKSe3zKcVo_fGJur8gn4WN8sriPjU10VApR4rXWulD8sTkqgaGeRChN2mMcRCn2hsOe9YKaqX4QiQ2Q3iTErdCA5vcnuKrYEAFnifT8IHBqiaSkm93AWTPeABhfg2pByvB_wm81MEhRJgtHf-bjyRAosmjGldw2h8voIoEz6Rwx-RA3HUxDXDnxR-9zj7CjTE.SEq7joY7VSRnUvPh-x8Sfab-uYHZXt5sSJlB0Ob6ivQ&dib_tag=se&keywords=soft+toys&qid=1744109723&sr=8-37,True
"Babique Panda Bamboo Stuffed Animals Plush Toy, Bamboo Tube Panda Pillow Stuffed Panda Bear Plushies Panda Doll Gifts for Boys Girls",Babique,603,4.4,399.0,https://m.media-amazon.com/images/I/71TkK-21reL._AC_UL320_.jpg,https://www.amazon.in/Babique-Bamboo-Stuffed-Animals-Plushies/dp/B0D12N75XV/ref=sr_1_38?dib=eyJ2IjoiMSJ9.0j5-EPpCWPgpOTjmEGle7Ct2DAeUy_70dOAE-oFUFnx4oOV5eco9xKp_TH5WdM4awZ0KrpAVNJk2e3XGdaGCpte3eJRWFwmiltrdDuQuHsTKSe3zKcVo_fGJur8gn4WN8sriPjU10VApR4rXWulD8sTkqgaGeRChN2mMcRCn2hsOe9YKaqX4QiQ2Q3iTErdCA5vcnuKrYEAFnifT8IHBqiaSkm93AWTPeABhfg2pByvB_wm81MEhRJgtHf-bjyRAosmjGldw2h8voIoEz6Rwx-RA3HUxDXDnxR-9zj7CjTE.SEq7joY7VSRnUvPh-x8Sfab-uYHZXt5sSJlB0Ob6ivQ&dib_tag=se&keywords=soft+toys&qid=1744109723&sr=8-38,True
Storio Toy Shark Plushie Reversible Soft Toys for Kids | Plush Soft Toys for Baby Boys and Girls| Best Gift | Shark Soft Toy for Kids,Storio,1565,4.2,189.0,https://m.media-amazon.com/images/I/51HH07ObfkL._AC_UL320_.jpg,https://www.amazon.in/Storio-Shark-Plushie-Reversible-Plush/dp/B0D6YZJKZ2/ref=sr_1_39?dib=eyJ2IjoiMSJ9.0j5-EPpCWPgpOTjmEGle7Ct2DAeUy_70dOAE-oFUFnx4oOV5eco9xKp_TH5WdM4awZ0KrpAVNJk2e3XGdaGCpte3eJRWFwmiltrdDuQuHsTKSe3zKcVo_fGJur8gn4WN8sriPjU10VApR4rXWulD8sTkqgaGeRChN2mMcRCn2hsOe9YKaqX4QiQ2Q3iTErdCA5vcnuKrYEAFnifT8IHBqiaSkm93AWTPeABhfg2pByvB_wm81MEhRJgtHf-bjyRAosmjGldw2h8voIoEz6Rwx-RA3HUxDXDnxR-9zj7CjTE.SEq7joY7VSRnUvPh-x8Sfab-uYHZXt5sSJlB0Ob6ivQ&dib_tag=se&keywords=soft+toys&qid=1744109723&sr=8-39,True
SCOOBA Super Soft Korean Quality Frock Dress Rabbit 35cm Pack of 1,SCOOBA,45,3.5,399.0,https://m.media-amazon.com/images/I/51pu0-snHbL._AC_UL320_.jpg,https://www.amazon.in/SCOOBA-Super-Frock-Dress-Rabbit/dp/B0BW619D7K/ref=sr_1_40?dib=eyJ2IjoiMSJ9.0j5-EPpCWPgpOTjmEGle7Ct2DAeUy_70dOAE-oFUFnx4oOV5eco9xKp_TH5WdM4awZ0KrpAVNJk2e3XGdaGCpte3eJRWFwmiltrdDuQuHsTKSe3zKcVo_fGJur8gn4WN8sriPjU10VApR4rXWulD8sTkqgaGeRChN2mMcRCn2hsOe9YKaqX4QiQ2Q3iTErdCA5vcnuKrYEAFnifT8IHBqiaSkm93AWTPeABhfg2pByvB_wm81MEhRJgtHf-bjyRAosmjGldw2h8voIoEz6Rwx-RA3HUxDXDnxR-9zj7CjTE.SEq7joY7VSRnUvPh-x8Sfab-uYHZXt5sSJlB0Ob6ivQ&dib_tag=se&keywords=soft+toys&qid=1744109723&sr=8-40,True
"DearJoy Big Size Fibre Filled Stuffed Animal Elephant Soft Toy for Kids of Plush Hugging Soft Toy for Kids boy Girl Birthday Gift (3 Years+, 60 cm, Grey Color)",DearJoy,8878,4.3,560.0,https://m.media-amazon.com/images/I/61QFNvJ8ATL._AC_UL320_.jpg,https://www.amazon.in/DearJoy-Baby-Elephant-Pillow-Grey/dp/B075VTNC7X/ref=sr_1_41?dib=eyJ2IjoiMSJ9.0j5-EPpCWPgpOTjmEGle7Ct2DAeUy_70dOAE-oFUFnx4oOV5eco9xKp_TH5WdM4awZ0KrpAVNJk2e3XGdaGCpte3eJRWFwmiltrdDuQuHsTKSe3zKcVo_fGJur8gn4WN8sriPjU10VApR4rXWulD8sTkqgaGeRChN2mMcRCn2hsOe9YKaqX4QiQ2Q3iTErdCA5vcnuKrYEAFnifT8IHBqiaSkm93AWTPeABhfg2pByvB_wm81MEhRJgtHf-bjyRAosmjGldw2h8voIoEz6Rwx-RA3HUxDXDnxR-9zj7CjTE.SEq7joY7VSRnUvPh-x8Sfab-uYHZXt5sSJlB0Ob6ivQ&dib_tag=se&keywords=soft+toys&qid=1744109723&sr=8-41,True
Babique Reversible plushie Cat Stuffed Soft Toy Plush Soft Toy Cute Kids Animal Home Decor Boys/Girls/Baby (Blue 15cm),Babique,220,3.6,159.0,https://m.media-amazon.com/images/I/71eS3uYJIPL._AC_UL320_.jpg,https://www.amazon.in/Babique-Reversible-plushie-Stuffed-Animal/dp/B0C3BLSMYR/ref=sr_1_42?dib=eyJ2IjoiMSJ9.0j5-EPpCWPgpOTjmEGle7Ct2DAeUy_70dOAE-oFUFnx4oOV5eco9xKp_TH5WdM4awZ0KrpAVNJk2e3XGdaGCpte3eJRWFwmiltrdDuQuHsTKSe3zKcVo_fGJur8gn4WN8sriPjU10VApR4rXWulD8sTkqgaGeRChN2mMcRCn2hsOe9YKaqX4QiQ2Q3iTErdCA5vcnuKrYEAFnifT8IHBqiaSkm93AWTPeABhfg2pByvB_wm81MEhRJgtHf-bjyRAosmjGldw2h8voIoEz6Rwx-RA3HUxDXDnxR-9zj7CjTE.SEq7joY7VSRnUvPh-x8Sfab-uYHZXt5sSJlB0Ob6ivQ&dib_tag=se&keywords=soft+toys&qid=1744109723&sr=8-42,True
"Storescent Reversible Carrot Bunny Plush Toy, Adorable & Versatile Stuffed Animal with Zipper - Soft Rabbit Toy, Pillow & Decorative Gift (Carrot Bunny 30CM)",Storescent,1493,4.1,359.0,https://m.media-amazon.com/images/I/613ls7T9uaL._AC_UL320_.jpg,https://www.amazon.in/Storescent-Reversible-Adorable-Versatile-Stuffed/dp/B0CDXNYQ31/ref=sr_1_43?dib=eyJ2IjoiMSJ9.0j5-EPpCWPgpOTjmEGle7Ct2DAeUy_70dOAE-oFUFnx4oOV5eco9xKp_TH5WdM4awZ0KrpAVNJk2e3XGdaGCpte3eJRWFwmiltrdDuQuHsTKSe3zKcVo_fGJur8gn4WN8sriPjU10VApR4rXWulD8sTkqgaGeRChN2mMcRCn2hsOe9YKaqX4QiQ2Q3iTErdCA5vcnuKrYEAFnifT8IHBqiaSkm93AWTPeABhfg2pByvB_wm81MEhRJgtHf-bjyRAosmjGldw2h8voIoEz6Rwx-RA3HUxDXDnxR-9zj7CjTE.SEq7joY7VSRnUvPh-x8Sfab-uYHZXt5sSJlB0Ob6ivQ&dib_tag=se&keywords=soft+toys&qid=1744109723&sr=8-43,True
SCOOBA Baby Penguin Soft Toy 25 cm (Strawberry),SCOOBA,651,4.3,379.0,https://m.media-amazon.com/images/I/51Tj8KMIlvL._AC_UL320_.jpg,https://www.amazon.in/SCOOBA-Baby-Penguin-Soft-Strawberry/dp/B0DWXJ5JQ4/ref=sr_1_44?dib=eyJ2IjoiMSJ9.0j5-EPpCWPgpOTjmEGle7Ct2DAeUy_70dOAE-oFUFnx4oOV5eco9xKp_TH5WdM4awZ0KrpAVNJk2e3XGdaGCpte3eJRWFwmiltrdDuQuHsTKSe3zKcVo_fGJur8gn4WN8sriPjU10VApR4rXWulD8sTkqgaGeRChN2mMcRCn2hsOe9YKaqX4QiQ2Q3iTErdCA5vcnuKrYEAFnifT8IHBqiaSkm93AWTPeABhfg2pByvB_wm81MEhRJgtHf-bjyRAosmjGldw2h8voIoEz6Rwx-RA3HUxDXDnxR-9zj7CjTE.SEq7joY7VSRnUvPh-x8Sfab-uYHZXt5sSJlB0Ob6ivQ&dib_tag=se&keywords=soft+toys&qid=1744109723&sr=8-44,True
"Mommers Xylophone Musical Educational Toy for Kid (1-3Year Old) I Toddlers Babies Kids Girls, Boys I 2-in-1 Piano Combined I Safe for Drum Sticks for Fast and Fun Learning for Kid- Pink",Mommers,254,4.0,199.0,https://m.media-amazon.com/images/I/71f7gG5WD0L._AC_UL320_.jpg,https://www.amazon.in/Mommers-Xylophone-Educational-Toddlers-Combined/dp/B0D1M7GJYX/ref=sr_1_45?dib=eyJ2IjoiMSJ9.0j5-EPpCWPgpOTjmEGle7Ct2DAeUy_70dOAE-oFUFnx4oOV5eco9xKp_TH5WdM4awZ0KrpAVNJk2e3XGdaGCpte3eJRWFwmiltrdDuQuHsTKSe3zKcVo_fGJur8gn4WN8sriPjU10VApR4rXWulD8sTkqgaGeRChN2mMcRCn2hsOe9YKaqX4QiQ2Q3iTErdCA5vcnuKrYEAFnifT8IHBqiaSkm93AWTPeABhfg2pByvB_wm81MEhRJgtHf-bjyRAosmjGldw2h8voIoEz6Rwx-RA3HUxDXDnxR-9zj7CjTE.SEq7joY7VSRnUvPh-x8Sfab-uYHZXt5sSJlB0Ob6ivQ&dib_tag=se&keywords=soft+toys&qid=1744109723&sr=8-45,True
"pikipo Bunny Face Rattle Soft Toy(Plush) for Baby with Squeeze Handle for Squeaky Sound (Pink), Toddler",pikipo,814,4.4,169.0,https://m.media-amazon.com/images/I/51V5R1Xk-cL._AC_UL320_.jpg,https://www.amazon.in/Pikipo-Rattle-Squeeze-Handle-Squeaky/dp/B0BZYWTKLB/ref=sr_1_46?dib=eyJ2IjoiMSJ9.0j5-EPpCWPgpOTjmEGle7Ct2DAeUy_70dOAE-oFUFnx4oOV5eco9xKp_TH5WdM4awZ0KrpAVNJk2e3XGdaGCpte3eJRWFwmiltrdDuQuHsTKSe3zKcVo_fGJur8gn4WN8sriPjU10VApR4rXWulD8sTkqgaGeRChN2mMcRCn2hsOe9YKaqX4QiQ2Q3iTErdCA5vcnuKrYEAFnifT8IHBqiaSkm93AWTPeABhfg2pByvB_wm81MEhRJgtHf-bjyRAosmjGldw2h8voIoEz6Rwx-RA3HUxDXDnxR-9zj7CjTE.SEq7joY7VSRnUvPh-x8Sfab-uYHZXt5sSJlB0Ob6ivQ&dib_tag=se&keywords=soft+toys&qid=1744109723&sr=8-46,True
"Webby Plush Adorable Cute Owl Soft Toy | Birthday Gift for Girls, Wife, Girlfriend, Boyfriend, Husband | Stuffed Toys for Kids and Adults - 30 CM (Grey)",Webby,73,4.2,336.0,https://m.media-amazon.com/images/I/71d4fbk7qpL._AC_UL320_.jpg,https://www.amazon.in/Webby-Adorable-Birthday-Girlfriend-Boyfriend/dp/B0CLJG836P/ref=sr_1_47?dib=eyJ2IjoiMSJ9.0j5-EPpCWPgpOTjmEGle7Ct2DAeUy_70dOAE-oFUFnx4oOV5eco9xKp_TH5WdM4awZ0KrpAVNJk2e3XGdaGCpte3eJRWFwmiltrdDuQuHsTKSe3zKcVo_fGJur8gn4WN8sriPjU10VApR4rXWulD8sTkqgaGeRChN2mMcRCn2hsOe9YKaqX4QiQ2Q3iTErdCA5vcnuKrYEAFnifT8IHBqiaSkm93AWTPeABhfg2pByvB_wm81MEhRJgtHf-bjyRAosmjGldw2h8voIoEz6Rwx-RA3HUxDXDnxR-9zj7CjTE.SEq7joY7VSRnUvPh-x8Sfab-uYHZXt5sSJlB0Ob6ivQ&dib_tag=se&keywords=soft+toys&qid=1744109723&sr=8-47,True
"HUG 'n' FEEL SOFT TOYS Unicorn, Soft Toy, Baby Toys, Kids Toy, Soft Toy, Toy for Girl, Birthday Gift for Girl Boys, Toy Gift for Girls, Kids Toys for Boys Girl, Toys Gift Items, (30cm, Pink)",HUG,34090,4.0,175.0,https://m.media-amazon.com/images/I/61junWYBK0L._AC_UL320_.jpg,https://www.amazon.in/HUG-FEEL-SOFT-TOYS-Birthday/dp/B08X3PCGKS/ref=sr_1_48?dib=eyJ2IjoiMSJ9.0j5-EPpCWPgpOTjmEGle7Ct2DAeUy_70dOAE-oFUFnx4oOV5eco9xKp_TH5WdM4awZ0KrpAVNJk2e3XGdaGCpte3eJRWFwmiltrdDuQuHsTKSe3zKcVo_fGJur8gn4WN8sriPjU10VApR4rXWulD8sTkqgaGeRChN2mMcRCn2hsOe9YKaqX4QiQ2Q3iTErdCA5vcnuKrYEAFnifT8IHBqiaSkm93AWTPeABhfg2pByvB_wm81MEhRJgtHf-bjyRAosmjGldw2h8voIoEz6Rwx-RA3HUxDXDnxR-9zj7CjTE.SEq7joY7VSRnUvPh-x8Sfab-uYHZXt5sSJlB0Ob6ivQ&dib_tag=se&keywords=soft+toys&qid=1744109723&sr=8-48,True
